,image,ref_roi,inp_roi
0,inhouse_cxr_trachea/data/1.2.392.200036.9125.3.32166252172248.64899113936.4676116_0.seri,inhouse_cxr_trachea/data/1.2.392.200036.9125.3.32166252172248.64899113936.4676116_0.roi,
1,inhouse_cxr_trachea/data/1.2.276.0.7230010.3.1.3.898003985.12164.1524075062.1173_0.seri,inhouse_cxr_trachea/data/1.2.276.0.7230010.3.1.3.898003985.12164.1524075062.1173_0.roi,
2,inhouse_cxr_trachea/data/1.2.392.200036.9125.3.15225217205186250.64916591649.302813_0.seri,inhouse_cxr_trachea/data/1.2.392.200036.9125.3.15225217205186250.64916591649.302813_0.roi,
3,inhouse_cxr_trachea/data/1.2.276.0.7230010.3.1.3.898003985.12164.1524075097.2351_0.seri,inhouse_cxr_trachea/data/1.2.276.0.7230010.3.1.3.898003985.12164.1524075097.2351_0.roi,
4,inhouse_cxr_trachea/data/1.2.276.0.7230010.3.1.3.898003985.12164.1524075075.1574_0.seri,inhouse_cxr_trachea/data/1.2.276.0.7230010.3.1.3.898003985.12164.1524075075.1574_0.roi,
5,inhouse_cxr_trachea/data/1.2.276.0.7230010.3.1.3.898003985.12164.1524075047.664_0.seri,inhouse_cxr_trachea/data/1.2.276.0.7230010.3.1.3.898003985.12164.1524075047.664_0.roi,
..., ..., ..., ...